<?xml version="1.0" encoding="UTF-8"?>
<actiontemplates>
    <!--1 bool 2 int 3 coordId 4 coordIds 5 text-->
    <actiontemplate id="1" name="进入副本" desc="" ddesc="进入副本"/>
    <actiontemplate id="2" name="固定时间" desc="" ddesc="在[(affairId)]完成后经过了[(time)]秒">
        <actionparams id="1" type="2" name="affairId" tname=""/>
        <actionparams id="0" type="2" name="time" tname=""/>
    </actiontemplate>
    <actiontemplate id="3" name="摧毁建筑" desc="" ddesc="位于[(coordIds)]位置的建筑物[(not)]">
        <actionparams id="0" type="4" name="coordIds" tname=""/>
        <actionparams id="1" type="1" name="not" tname=""/>
    </actiontemplate>
    <actiontemplate id="4" name="地块归属变化" desc="" ddesc="位于[(coordIds)]位置的地块归属从[(from)]转移到[(to)]">
        <actionparams id="0" type="4" name="coordIds" tname=""/>
        <actionparams id="1" type="2" name="from" tname=""/>
        <actionparams id="2" type="2" name="to" tname=""/>
    </actiontemplate>
    <actiontemplate id="5" name="NPC出兵驻扎" desc="" ddesc="[(num)],[(npcId)]的NPC从[(coordId)]位置向[(targetCoord)]位置出兵">
        <actionparams id="0" type="3" name="coordId" tname=""/>
        <actionparams id="1" type="2" name="npcId" tname=""/>
        <actionparams id="2" type="2" name="num" tname=""/>
        <actionparams id="3" type="3" name="targetCoord" tname=""/>
    </actiontemplate>
    <actiontemplate id="6" name="城池可攻打状态变更" desc="" ddesc="位于[(coordId)]位置的城池状态变为[(status)],若不可攻打则[(tips)]">
        <actionparams id="0" type="3" name="coordId" tname=""/>
        <actionparams id="1" type="1" name="status" tname=""/>
        <actionparams id="2" type="5" name="tips" tname=""/>
    </actiontemplate>
    <actiontemplate id="7" name="改变指定城池NPC队伍数量" desc="" ddesc="位于[(coordId)]位置的城池[(npcId)]的NPC部队变化为[(num)],[(castleAtk)]">
        <actionparams id="3" type="2" name="castleAtk" tname=""/>
        <actionparams id="0" type="3" name="coordId" tname=""/>
        <actionparams id="1" type="2" name="npcId" tname=""/>
        <actionparams id="2" type="2" name="num" tname=""/>
    </actiontemplate>
    <actiontemplate id="8" name="完成某个事件" desc="" ddesc="[(affairId)]的事件[(not)]">
        <actionparams id="0" type="2" name="affairId" tname=""/>
        <actionparams id="1" type="1" name="not" tname=""/>
    </actiontemplate>
    <actiontemplate id="9" name="玩家部队驻扎" desc="" ddesc="玩家部队驻扎到[(coordId)]位置">
        <actionparams id="0" type="3" name="coordId" tname=""/>
    </actiontemplate>
    <actiontemplate id="10" name="生成建筑" desc="" ddesc="[(belong)],[(type)],[(buildingName)]的建筑在[(coordId)]位置生成">
        <actionparams id="2" type="2" name="belong" tname=""/>
        <actionparams id="3" type="5" name="buildingName" tname=""/>
        <actionparams id="0" type="3" name="coordId" tname=""/>
        <actionparams id="1" type="2" name="type" tname=""/>
    </actiontemplate>
    <actiontemplate id="11" name="生成NPC队伍" desc="" ddesc="[(num)],[(castleAtk)],[(avatarId)],[(mountId)],[(name)],[(npcId)]的NPC在[(coordId)]位置生成,[(isDropHorse)],是则在[(dropHorseCoorId)]位置落马">
        <actionparams id="4" type="2" name="avatarId" tname=""/>
        <actionparams id="3" type="2" name="castleAtk" tname=""/>
        <actionparams id="0" type="3" name="coordId" tname=""/>
        <actionparams id="8" type="3" name="dropHorseCoorId" tname=""/>
        <actionparams id="7" type="1" name="isDropHorse" tname=""/>
        <actionparams id="5" type="2" name="mountId" tname=""/>
        <actionparams id="6" type="5" name="name" tname=""/>
        <actionparams id="1" type="2" name="npcId" tname=""/>
        <actionparams id="2" type="2" name="num" tname=""/>
    </actiontemplate>
    <actiontemplate id="12" name="NPC出兵攻打" desc="" ddesc="每过[(delay)]秒后位于[(coordId)],[(num)],[(npcId)]的NPC攻打[(targetCoordId)]位置,持续[(count)]">
        <actionparams id="0" type="3" name="coordId" tname=""/>
        <actionparams id="5" type="2" name="count" tname=""/>
        <actionparams id="4" type="2" name="delay" tname=""/>
        <actionparams id="1" type="2" name="npcId" tname=""/>
        <actionparams id="2" type="2" name="num" tname=""/>
        <actionparams id="3" type="3" name="targetCoordId" tname=""/>
    </actiontemplate>
    <actiontemplate id="13" name="出现剧情" desc="" ddesc="[(plotId)]触发">
        <actionparams id="0" type="2" name="plotId" tname=""/>
    </actiontemplate>
    <actiontemplate id="14" name="野怪刷新" desc="" ddesc="[(monsterIds)]刷新在[(coordIds)]位置">
        <actionparams id="0" type="4" name="coordIds" tname=""/>
        <actionparams id="1" type="5" name="monsterIds" tname=""/>
    </actiontemplate>
    <actiontemplate id="15" name="玩家拥有武将" desc="" ddesc="玩家拥有武将"/>
    <actiontemplate id="16" name="玩家队伍攻击指定目标" desc="" ddesc="玩家队伍攻击[(coordId)]位置">
        <actionparams id="0" type="3" name="coordId" tname=""/>
    </actiontemplate>
    <actiontemplate id="17" name="击败NPC队伍" desc="" ddesc="[(roundOnly)]统计中,在[(coordId)]位置击败[(num)],[(npcId)]的NPC队伍">
        <actionparams id="0" type="3" name="coordId" tname=""/>
        <actionparams id="1" type="2" name="npcId" tname=""/>
        <actionparams id="2" type="2" name="num" tname=""/>
        <actionparams id="3" type="1" name="roundOnly" tname=""/>
    </actiontemplate>
    <actiontemplate id="18" name="战斗结束" desc="" ddesc="位于[(coordId)]位置的战斗结束">
        <actionparams id="0" type="3" name="coordId" tname=""/>
    </actiontemplate>
    <actiontemplate id="19" name="播放战斗录像" desc="" ddesc="播放战斗录像"/>
    <actiontemplate id="20" name="怪物存活与否" desc="" ddesc="位于[(coordId)]位置的怪物[(alive)]">
        <actionparams id="0" type="1" name="alive" tname=""/>
        <actionparams id="1" type="3" name="coordId" tname=""/>
    </actiontemplate>
    <actiontemplate id="21" name="删除特定位置的怪物" desc="" ddesc="删除位于[(coordIds)]位置的怪物">
        <actionparams id="0" type="4" name="coordIds" tname=""/>
    </actiontemplate>
    <actiontemplate id="22" name="怪物或NPC获得buff" desc="" ddesc="位于[(coordId)]位置的怪物或者npc获得[(skillId)]">
        <actionparams id="0" type="3" name="coordId" tname=""/>
        <actionparams id="1" type="2" name="skillId" tname=""/>
    </actiontemplate>
    <actiontemplate id="23" name="玩家部队获得buff" desc="" ddesc="位于[(coordId)]位置的玩家部队获得[(skillId)]">
        <actionparams id="0" type="3" name="coordId" tname=""/>
        <actionparams id="1" type="2" name="skillId" tname=""/>
    </actiontemplate>
    <actiontemplate id="24" name="掉落奖励" desc="" ddesc="按照[(dropId)]掉落奖励">
        <actionparams id="0" type="2" name="dropId" tname=""/>
    </actiontemplate>
    <actiontemplate id="25" name="播放特效" desc="" ddesc="在[(coordId)]位置播放[(effectId)],[(time)]秒">
        <actionparams id="0" type="4" name="coordIds" tname=""/>
        <actionparams id="1" type="2" name="effectId" tname=""/>
        <actionparams id="2" type="2" name="time" tname=""/>
    </actiontemplate>
    <actiontemplate id="26" name="特定目标获得普通buff" desc="" ddesc="位于[(coordIds)]位置的([(npcIds)]或[(monsterIds)]或[(player)])获得了[(time)],[(uniqueKey)]的[(buffId)]">
        <actionparams id="0" type="2" name="buffId" tname=""/>
        <actionparams id="1" type="4" name="coordIds" tname=""/>
        <actionparams id="5" type="5" name="monsterIds" tname=""/>
        <actionparams id="4" type="5" name="npcIds" tname=""/>
        <actionparams id="6" type="1" name="player" tname=""/>
        <actionparams id="2" type="2" name="time" tname=""/>
        <actionparams id="3" type="5" name="uniqueKey" tname=""/>
    </actiontemplate>
    <actiontemplate id="27" name="非特定目标获得普通buff" desc="" ddesc="位于[(coordIds)]位置的目标获得了[(time)],[(uniqueKey)]的[(buffId)]">
        <actionparams id="0" type="2" name="buffId" tname=""/>
        <actionparams id="1" type="4" name="coordIds" tname=""/>
        <actionparams id="2" type="2" name="time" tname=""/>
        <actionparams id="3" type="5" name="uniqueKey" tname=""/>
    </actiontemplate>
    <actiontemplate id="28" name="获得地块依赖类buff" desc="" ddesc="[(party)](0-不分敌我，1-仅限敌方，2-仅限我方)在[(coordIds)]位置获得了[(time)],[(uniqueKey)]的[(buffId)]">
        <actionparams id="0" type="2" name="buffId" tname=""/>
        <actionparams id="1" type="4" name="coordIds" tname=""/>
        <actionparams id="4" type="2" name="party" tname=""/>
        <actionparams id="2" type="2" name="time" tname=""/>
        <actionparams id="3" type="5" name="uniqueKey" tname=""/>
    </actiontemplate>
    <actiontemplate id="29" name="buff失效" desc="" ddesc="[(uniqueKey)]的buff失效">
        <actionparams id="0" type="5" name="uniqueKey" tname=""/>
    </actiontemplate>
    <actiontemplate id="30" name="销毁特效" desc="" ddesc="销毁[(coordIds)]位置的[(effectId)]">
        <actionparams id="0" type="4" name="coordIds" tname=""/>
        <actionparams id="1" type="2" name="effectId" tname=""/>
    </actiontemplate>
    <actiontemplate id="31" name="小地图特效" desc="" ddesc="在小地图[(coordId)]位置展示[(time)]的[(effectId)]">
        <actionparams id="0" type="3" name="coordId" tname=""/>
        <actionparams id="1" type="2" name="effectId" tname=""/>
        <actionparams id="2" type="2" name="time" tname=""/>
    </actiontemplate>
    <actiontemplate id="32" name="刷新任务跳转坐标" desc="" ddesc="刷新任务跳转到[(coordId)]位置">
        <actionparams id="0" type="3" name="coordId" tname=""/>
    </actiontemplate>
</actiontemplates>
