{
    "Map": "0.html",
    "New": "0_0_0.html",
    "Open": "0_0_1.html",
    "Save": "0_0_2.html",
    "Undo": "0_0_3.html",
    "Redo": "0_0_4.html",
    "MapProperties": "0_0_5.html",
    "ResizeMap": "0_0_6.html",
    "OffsetMap": "0_0_7.html",
    "Tileset": "0_8_69.html",
    "NewTileset": "0_1_8.html",
    "ChangeTilesetName": "0_1_9.html",
    "RemoveTileset": "0_1_10.html",
    "ExportTileset": "0_1_11.html",
    "AddExternalTileset": "0_1_12.html",
    "TilesetProperties": "0_1_13.html",
    "ChangeOrderOfTileset": "0_1_14.html",
    "AddTiles": "0_1_15.html",
    "RemoveTiles": "0_1_16.html",
    "TileProperties": "0_1_17.html",
    "CreateTerrain": "0_1_18.html",
    "RemoveTerrain": "0_1_19.html",
    "Layer": "0_8_73.html",
    "CreateLayer": "0_2_20.html",
    "ChangeLayerName": "0_2_21.html",
    "RemoveLayer": "0_2_22.html",
    "Show/HideLayer": "0_2_23.html",
    "Show/HideAllOtherLayers": "0_2_24.html",
    "MergeLayerDown": "0_2_25.html",
    "SelectPreviousLayer": "0_2_26.html",
    "SelectNextLayer": "0_2_27.html",
    "RaiseLayer": "0_2_28.html",
    "LowerLayer": "0_2_29.html",
    "TileLayerSeparate": "0_2_30.html",
    "LayerProperties": "0_2_31.html",
    "ChangeLayerOpacity": "0_2_32.html",
    "OffsetLayers": "0_2_33.html",
    "DuplicateLayer": "0_2_34.html",
    "SelectionTool": "0_3_35.html",
    "RectangularSelect": "0_3_36.html",
    "LinearSelect": "0_3_37.html",
    "CenterViewToNewConstituency": "0_3_38.html",
    "ShortcutOperationOfSelection": "0_3_39.html",
    "SelectSameTile": "0_3_40.html",
    "CancelSelection": "0_3_41.html",
    "SetCurrentSelectionAsEditableArea": "0_3_42.html",
    "ClearEditableArea": "0_3_43.html",
    "StampBrush": "0_4_44.html",
    "TerrainBrush": "0_4_45.html",
    "Eraser": "0_4_46.html",
    "BucketFillTool": "0_4_47.html",
    "RandomMode": "0_4_48.html",
    "Random": "0_4_49.html",
    "CopySelection": "0_4_50.html",
    "ExecuteCommand": "0_4_51.html",
    "SelectObjects": "0_5_52.html",
    "EditPolygons": "0_5_53.html",
    "InsertRectangle": "0_5_54.html",
    "InsertEllipse": "0_5_55.html",
    "InsertPolygon": "0_5_56.html",
    "InsertPolyline": "0_5_57.html",
    "InsertTile": "0_5_58.html",
    "DrawingObjects": "0_5_59.html",
    "DuplicateObjects": "0_5_60.html",
    "RemoveObjects": "0_5_61.html",
    "AddProperty": "0_6_62.html",
    "RemoveProperty": "0_6_63.html",
    "RenameProperty": "0_6_64.html",
    "Pack": "0_7_65.html",
    "CellGrid": "0_8_66.html",
    "CellGridCoordinate": "0_8_67.html",
    "CoordinateCode": "0_8_68.html",
    "Tile": "0_8_70.html",
    "TileId": "0_8_71.html",
    "Terrain": "0_8_72.html",
    "TileLayer": "0_8_74.html",
    "ObjectGroup": "0_8_75.html",
    "ImageLayer": "0_8_76.html",
    "Object": "0_8_77.html",
    "ImportCamps": "1_9_78.html",
    "ExportCamps": "1_9_79.html",
    "CampDataFileFormat": "1_9_80.html",
    "PreviousCamp": "1_9_81.html",
    "NextCamp": "1_9_82.html",
    "CampInfoTool": "1_9_83.html",
    "SelectCampMode": "1_9_84.html",
    "RegionEditMode": "1_9_85.html",
    "TunnelInfoTool": "1_10_86.html",
    "ImportTunnels": "1_10_87.html",
    "ExportTunnels": "1_10_88.html",
    "TunnelDataFileFormat": "1_10_89.html",
    "FindUnconnectedTunnel": "1_10_90.html",
    "SimulatedCityGeneration": "1_11_91.html",
    "ExportCityRegions": "1_11_92.html",
    "ImportCities": "1_11_93.html",
    "ExportCities": "1_11_94.html",
    "CityPropertiesFileFormat": "1_11_95.html",
    "PreviousCity": "1_11_96.html",
    "NextCity": "1_11_97.html",
    "CitySettings": "1_11_98.html",
    "TileCellInformation": "1_11_99.html",
    "ExportExtraData": "1_12_100.html",
    "ExportEventTrigger": "1_12_101.html",
    "ExportZoneRegionImage": "1_12_102.html",
    "ExportMapForServe": "1_12_103.html",
    "ExportMapForClient": "1_12_104.html",
    "ExportSpecialLayersData": "1_12_105.html",
    "SynChronizeMapFile": "1_13_108.html",
    "ClearConflictedCells": "1_14_109.html",
    "FindNextConflictedCell": "1_14_110.html",
    "FindCellWithWrongTile": "1_14_111.html",
    "DiffMapConflictedCell": "1_14_112.html",
    "NextDiffMapConflictCell": "1_14_113.html",
    "BusinessLayerType": "1_15_114.html",
    "BusinessLayerSet": "1_15_115.html",
    "BusinessLayerContent": "1_15_116.html",
    "LayerLabel": "1_15_117.html",
    "RegionId": "1_15_118.html",
    "CityCellGridTileProperty": "1_15_119.html",
    "ConflictDetection": "1_15_120.html",
    "DistinguishCellGrid": "1_15_121.html",
    "MapMapId": "1_16_123.html",
    "TileLayerType": "1_16_124.html",
    "TileLayerTileset": "1_16_125.html",
    "TilesetRiverGroup": "1_16_126.html",
    "TilesetResGroup": "1_16_127.html",
    "TilesetBridgeGroup": "1_16_128.html",
    "TileSize": "1_16_129.html",
    "TileEx": "1_16_130.html",
    "TerrainEx": "1_16_131.html",
    "CampType": "1_16_132.html",
    "TunnelTile": "1_16_133.html",
    "TilesetCustomOffset": "1_16_136.html",
    "TileLayerCover": "1_16_137.html",
    "EventTrigger": "2.html",
    "EditingProperties": "2_17_138.html",
    "ObjectDescription": "2_17_139.html",
    "AddEventTriggerGroup": "2_18_140.html",
    "AddEventTrigger": "2_18_141.html",
    "RemoveEventTriggerElement": "2_18_142.html",
    "ChangeLocationOfGroup": "2_18_143.html",
    "Validate": "2_18_144.html",
    "TriggerDataSearch": "2_18_145.html",
    "AddCondition": "2_19_146.html",
    "AddConditionAction": "2_19_147.html",
    "RemoveConditionElement": "2_19_148.html",
    "AddResultAction": "2_20_149.html",
    "RemoveResultElement": "2_20_150.html",
    "ChangeLocationOfResultAction": "2_20_151.html",
    "Event": "2_21_152.html",
    "Condition": "2_21_153.html",
    "LogicRelation": "2_21_154.html",
    "Result": "2_21_155.html",
    "Action": "2_21_156.html",
    "ActionTemplate": "2_21_157.html",
    "TriggerObjectId": "2_21_158.html"
}