{
    "Tileset": "图块集",
    "Tile": "图块",
    "TileId": "图块Id",
    "Terrain": "地形",
    "Layer": "图层",
    "CellGrid": "单元格",
    "CellGridCoordinate": "单元格坐标",
    "CoordinateCode":"坐标码",
    "TileLayer": "图块图层",
    "ObjectGroup": "对象层",
    "ImageLayer": "图像图层",
    "Object": "对象",
    "SimilarTileset":"相似图块集",
    "BusinessLayerType":"业务层类型",
    "BusinessLayerSet":"业务层设置",
    "BusinessLayerContent":"业务层内容",
    "MapMapId":"地图mapID",
    "TileLayerType":"图块图层type",
    "TileLayerTileset":"图块图层tileset",
    "TilesetRiverGroup":"图块集riverGroup",
    "TilesetResGroup":"图块集resGroup",
    "TilesetBridgeGroup":"图块集bridgeGroup",
    "TileSize":"图块size",
    "TileEx":"图块ex",
    "TerrainEx":"地形ex",
    "CampType":"营地camp",
    "TunnelTile":"密道tunnel",
    "TileOffsetX":"图块X偏移",
    "TileOffsetY":"图块Y偏移",
    "TileLayerCover":"图块图层cover",
    "TilesetCustomOffset":"图块集customOffset",
    "LayerLabel": "图层标签",
    "RegionId": "区域范围Id",
    "ConflictDetection": "冲突检测",
    "DistinguishCellGrid": "识别单元格",
    "CityCellGridTileProperty": "城市单元格图块属性",
    "SynchronizeError": "同步错误",
    "SynchronizeWarning": "同步警告",
    "EventTrigger": "事件触发器",
    "Map": "地图",
    "Event": "事件",
    "Result": "结果",
    "Condition": "条件",
    "Action": "动作",
    "ActionTemplate": "动作模板",
    "LogicRelation": "逻辑关系",
    "TriggerObjectId": "触发器对象Id"
}