{"基本功能":{"level":1,"name":"基本功能","parent":-1,"id":0,"location":"0","anchor":"0","subNodes":[{"level":2,"name":"地图","parent":0,"id":0,"location":"0","anchor":"0_0","subNodes":[{"level":3,"name":"创建地图","parent":0,"id":0,"location":"0","anchor":"0_0_0","subNodes":[{"level":4,"name":"功能描述","parent":0,"id":0,"location":"0","anchor":"0_0_0_0","subNodes":[]},{"level":4,"name":"使用方法","parent":0,"id":1,"location":"0","anchor":"0_0_0_1","subNodes":[]}]},{"level":3,"name":"打开地图","parent":0,"id":1,"location":"0","anchor":"0_0_1","subNodes":[{"level":4,"name":"功能描述","parent":1,"id":2,"location":"0","anchor":"0_0_1_2","subNodes":[]},{"level":4,"name":"使用方法","parent":1,"id":3,"location":"0","anchor":"0_0_1_3","subNodes":[]}]},{"level":3,"name":"保存地图","parent":0,"id":2,"location":"0","anchor":"0_0_2","subNodes":[{"level":4,"name":"功能描述","parent":2,"id":4,"location":"0","anchor":"0_0_2_4","subNodes":[]},{"level":4,"name":"使用方法","parent":2,"id":5,"location":"0","anchor":"0_0_2_5","subNodes":[]}]},{"level":3,"name":"撤销","parent":0,"id":3,"location":"0","anchor":"0_0_3","subNodes":[{"level":4,"name":"功能描述","parent":3,"id":6,"location":"0","anchor":"0_0_3_6","subNodes":[]},{"level":4,"name":"使用方法","parent":3,"id":7,"location":"0","anchor":"0_0_3_7","subNodes":[]}]},{"level":3,"name":"恢复","parent":0,"id":4,"location":"0","anchor":"0_0_4","subNodes":[{"level":4,"name":"功能描述","parent":4,"id":8,"location":"0","anchor":"0_0_4_8","subNodes":[]},{"level":4,"name":"使用方法","parent":4,"id":9,"location":"0","anchor":"0_0_4_9","subNodes":[]}]},{"level":3,"name":"地图属性","parent":0,"id":5,"location":"0","anchor":"0_0_5","subNodes":[{"level":4,"name":"功能描述","parent":5,"id":10,"location":"0","anchor":"0_0_5_10","subNodes":[]},{"level":4,"name":"使用方法","parent":5,"id":11,"location":"0","anchor":"0_0_5_11","subNodes":[]}]},{"level":3,"name":"调整地图大小","parent":0,"id":6,"location":"0","anchor":"0_0_6","subNodes":[{"level":4,"name":"功能描述","parent":6,"id":12,"location":"0","anchor":"0_0_6_12","subNodes":[]},{"level":4,"name":"使用方法","parent":6,"id":13,"location":"0","anchor":"0_0_6_13","subNodes":[]}]},{"level":3,"name":"挪动地图","parent":0,"id":7,"location":"0","anchor":"0_0_7","subNodes":[{"level":4,"name":"功能描述","parent":7,"id":14,"location":"0","anchor":"0_0_7_14","subNodes":[]},{"level":4,"name":"\b使用方法","parent":7,"id":15,"location":"0","anchor":"0_0_7_15","subNodes":[]},{"level":4,"name":"举例说明","parent":7,"id":16,"location":"0","anchor":"0_0_7_16","subNodes":[]}]}]},{"level":2,"name":"图块集","parent":0,"id":1,"location":"0","anchor":"0_1","subNodes":[{"level":3,"name":"创建图块集","parent":1,"id":8,"location":"0","anchor":"0_1_8","subNodes":[{"level":4,"name":"功能描述","parent":8,"id":17,"location":"0","anchor":"0_1_8_17","subNodes":[]},{"level":4,"name":"使用方法","parent":8,"id":18,"location":"0","anchor":"0_1_8_18","subNodes":[]}]},{"level":3,"name":"修改图块集名称","parent":1,"id":9,"location":"0","anchor":"0_1_9","subNodes":[{"level":4,"name":"功能描述","parent":9,"id":19,"location":"0","anchor":"0_1_9_19","subNodes":[]},{"level":4,"name":"使用方法","parent":9,"id":20,"location":"0","anchor":"0_1_9_20","subNodes":[]}]},{"level":3,"name":"删除图块集","parent":1,"id":10,"location":"0","anchor":"0_1_10","subNodes":[{"level":4,"name":"功能描述","parent":10,"id":21,"location":"0","anchor":"0_1_10_21","subNodes":[]},{"level":4,"name":"使用方法","parent":10,"id":22,"location":"0","anchor":"0_1_10_22","subNodes":[]}]},{"level":3,"name":"导出图块集","parent":1,"id":11,"location":"0","anchor":"0_1_11","subNodes":[{"level":4,"name":"功能描述","parent":11,"id":23,"location":"0","anchor":"0_1_11_23","subNodes":[]},{"level":4,"name":"使用方法","parent":11,"id":24,"location":"0","anchor":"0_1_11_24","subNodes":[]}]},{"level":3,"name":"添加外部图块","parent":1,"id":12,"location":"0","anchor":"0_1_12","subNodes":[{"level":4,"name":"功能描述","parent":12,"id":25,"location":"0","anchor":"0_1_12_25","subNodes":[]},{"level":4,"name":"使用方法","parent":12,"id":26,"location":"0","anchor":"0_1_12_26","subNodes":[]}]},{"level":3,"name":"图块集属性","parent":1,"id":13,"location":"0","anchor":"0_1_13","subNodes":[{"level":4,"name":"功能描述","parent":13,"id":27,"location":"0","anchor":"0_1_13_27","subNodes":[]},{"level":4,"name":"使用方法","parent":13,"id":28,"location":"0","anchor":"0_1_13_28","subNodes":[]}]},{"level":3,"name":"调整图块集顺序","parent":1,"id":14,"location":"0","anchor":"0_1_14","subNodes":[{"level":4,"name":"功能描述","parent":14,"id":29,"location":"0","anchor":"0_1_14_29","subNodes":[]},{"level":4,"name":"使用方法","parent":14,"id":30,"location":"0","anchor":"0_1_14_30","subNodes":[]}]},{"level":3,"name":"添加图块","parent":1,"id":15,"location":"0","anchor":"0_1_15","subNodes":[{"level":4,"name":"功能描述","parent":15,"id":31,"location":"0","anchor":"0_1_15_31","subNodes":[]},{"level":4,"name":"使用方法","parent":15,"id":32,"location":"0","anchor":"0_1_15_32","subNodes":[]}]},{"level":3,"name":"移除图块","parent":1,"id":16,"location":"0","anchor":"0_1_16","subNodes":[{"level":4,"name":"功能描述","parent":16,"id":33,"location":"0","anchor":"0_1_16_33","subNodes":[]},{"level":4,"name":"使用方法","parent":16,"id":34,"location":"0","anchor":"0_1_16_34","subNodes":[]}]},{"level":3,"name":"图块属性","parent":1,"id":17,"location":"0","anchor":"0_1_17","subNodes":[{"level":4,"name":"功能描述","parent":17,"id":35,"location":"0","anchor":"0_1_17_35","subNodes":[]},{"level":4,"name":"使用方法","parent":17,"id":36,"location":"0","anchor":"0_1_17_36","subNodes":[]}]},{"level":3,"name":"创建地形","parent":1,"id":18,"location":"0","anchor":"0_1_18","subNodes":[{"level":4,"name":"功能描述","parent":18,"id":37,"location":"0","anchor":"0_1_18_37","subNodes":[]},{"level":4,"name":"使用方法","parent":18,"id":38,"location":"0","anchor":"0_1_18_38","subNodes":[]},{"level":4,"name":"地形适用场景","parent":18,"id":39,"location":"0","anchor":"0_1_18_39","subNodes":[]}]},{"level":3,"name":"移除地形","parent":1,"id":19,"location":"0","anchor":"0_1_19","subNodes":[{"level":4,"name":"功能描述","parent":19,"id":40,"location":"0","anchor":"0_1_19_40","subNodes":[]},{"level":4,"name":"使用方法","parent":19,"id":41,"location":"0","anchor":"0_1_19_41","subNodes":[]}]}]},{"level":2,"name":"图层","parent":0,"id":2,"location":"0","anchor":"0_2","subNodes":[{"level":3,"name":"创建图层","parent":2,"id":20,"location":"0","anchor":"0_2_20","subNodes":[{"level":4,"name":"功能描述","parent":20,"id":42,"location":"0","anchor":"0_2_20_42","subNodes":[]},{"level":4,"name":"使用方法","parent":20,"id":43,"location":"0","anchor":"0_2_20_43","subNodes":[]}]},{"level":3,"name":"修改图层名称","parent":2,"id":21,"location":"0","anchor":"0_2_21","subNodes":[{"level":4,"name":"功能描述","parent":21,"id":44,"location":"0","anchor":"0_2_21_44","subNodes":[]},{"level":4,"name":"使用方法","parent":21,"id":45,"location":"0","anchor":"0_2_21_45","subNodes":[]}]},{"level":3,"name":"删除图层","parent":2,"id":22,"location":"0","anchor":"0_2_22","subNodes":[{"level":4,"name":"功能描述","parent":22,"id":46,"location":"0","anchor":"0_2_22_46","subNodes":[]},{"level":4,"name":"使用方法","parent":22,"id":47,"location":"0","anchor":"0_2_22_47","subNodes":[]}]},{"level":3,"name":"显示/隐藏图层","parent":2,"id":23,"location":"0","anchor":"0_2_23","subNodes":[{"level":4,"name":"功能描述","parent":23,"id":48,"location":"0","anchor":"0_2_23_48","subNodes":[]},{"level":4,"name":"使用方法","parent":23,"id":49,"location":"0","anchor":"0_2_23_49","subNodes":[]}]},{"level":3,"name":"显示/隐藏所有其他层","parent":2,"id":24,"location":"0","anchor":"0_2_24","subNodes":[{"level":4,"name":"功能描述","parent":24,"id":50,"location":"0","anchor":"0_2_24_50","subNodes":[]},{"level":4,"name":"使用方法","parent":24,"id":51,"location":"0","anchor":"0_2_24_51","subNodes":[]}]},{"level":3,"name":"向下合并图层","parent":2,"id":25,"location":"0","anchor":"0_2_25","subNodes":[{"level":4,"name":"功能描述","parent":25,"id":52,"location":"0","anchor":"0_2_25_52","subNodes":[]},{"level":4,"name":"使用方法","parent":25,"id":53,"location":"0","anchor":"0_2_25_53","subNodes":[]}]},{"level":3,"name":"选择上一个图层","parent":2,"id":26,"location":"0","anchor":"0_2_26","subNodes":[{"level":4,"name":"功能描述","parent":26,"id":54,"location":"0","anchor":"0_2_26_54","subNodes":[]},{"level":4,"name":"使用方法","parent":26,"id":55,"location":"0","anchor":"0_2_26_55","subNodes":[]}]},{"level":3,"name":"选择下一个图层","parent":2,"id":27,"location":"0","anchor":"0_2_27","subNodes":[{"level":4,"name":"功能描述","parent":27,"id":56,"location":"0","anchor":"0_2_27_56","subNodes":[]},{"level":4,"name":"使用方法","parent":27,"id":57,"location":"0","anchor":"0_2_27_57","subNodes":[]}]},{"level":3,"name":"前置图层","parent":2,"id":28,"location":"0","anchor":"0_2_28","subNodes":[{"level":4,"name":"功能描述","parent":28,"id":58,"location":"0","anchor":"0_2_28_58","subNodes":[]},{"level":4,"name":"使用方法","parent":28,"id":59,"location":"0","anchor":"0_2_28_59","subNodes":[]}]},{"level":3,"name":"后置图层","parent":2,"id":29,"location":"0","anchor":"0_2_29","subNodes":[{"level":4,"name":"功能描述","parent":29,"id":60,"location":"0","anchor":"0_2_29_60","subNodes":[]},{"level":4,"name":"使用方法","parent":29,"id":61,"location":"0","anchor":"0_2_29_61","subNodes":[]}]},{"level":3,"name":"图层分离","parent":2,"id":30,"location":"0","anchor":"0_2_30","subNodes":[{"level":4,"name":"功能描述","parent":30,"id":62,"location":"0","anchor":"0_2_30_62","subNodes":[]},{"level":4,"name":"使用方法","parent":30,"id":63,"location":"0","anchor":"0_2_30_63","subNodes":[]},{"level":4,"name":"功能完成说明","parent":30,"id":64,"location":"0","anchor":"0_2_30_64","subNodes":[]}]},{"level":3,"name":"图层属性","parent":2,"id":31,"location":"0","anchor":"0_2_31","subNodes":[{"level":4,"name":"功能描述","parent":31,"id":65,"location":"0","anchor":"0_2_31_65","subNodes":[]},{"level":4,"name":"使用方法","parent":31,"id":66,"location":"0","anchor":"0_2_31_66","subNodes":[]}]},{"level":3,"name":"改变图层透明度","parent":2,"id":32,"location":"0","anchor":"0_2_32","subNodes":[{"level":4,"name":"功能描述","parent":32,"id":67,"location":"0","anchor":"0_2_32_67","subNodes":[]},{"level":4,"name":"使用方法","parent":32,"id":68,"location":"0","anchor":"0_2_32_68","subNodes":[]}]},{"level":3,"name":"挪动图层","parent":2,"id":33,"location":"0","anchor":"0_2_33","subNodes":[{"level":4,"name":"功能描述","parent":33,"id":69,"location":"0","anchor":"0_2_33_69","subNodes":[]},{"level":4,"name":"使用方法","parent":33,"id":70,"location":"0","anchor":"0_2_33_70","subNodes":[]}]},{"level":3,"name":"复制图层","parent":2,"id":34,"location":"0","anchor":"0_2_34","subNodes":[{"level":4,"name":"功能描述","parent":34,"id":71,"location":"0","anchor":"0_2_34_71","subNodes":[]},{"level":4,"name":"使用方法","parent":34,"id":72,"location":"0","anchor":"0_2_34_72","subNodes":[]},{"level":4,"name":"功能完成说明","parent":34,"id":73,"location":"0","anchor":"0_2_34_73","subNodes":[]}]}]},{"level":2,"name":"地图选区","parent":0,"id":3,"location":"0","anchor":"0_3","subNodes":[{"level":3,"name":"选区工具","parent":3,"id":35,"location":"0","anchor":"0_3_35","subNodes":[{"level":4,"name":"功能描述","parent":35,"id":74,"location":"0","anchor":"0_3_35_74","subNodes":[]},{"level":4,"name":"使用方法","parent":35,"id":75,"location":"0","anchor":"0_3_35_75","subNodes":[]}]},{"level":3,"name":"矩形选择","parent":3,"id":36,"location":"0","anchor":"0_3_36","subNodes":[{"level":4,"name":"功能描述","parent":36,"id":76,"location":"0","anchor":"0_3_36_76","subNodes":[]},{"level":4,"name":"使用方法","parent":36,"id":77,"location":"0","anchor":"0_3_36_77","subNodes":[]}]},{"level":3,"name":"直线选择","parent":3,"id":37,"location":"0","anchor":"0_3_37","subNodes":[{"level":4,"name":"功能描述","parent":37,"id":78,"location":"0","anchor":"0_3_37_78","subNodes":[]},{"level":4,"name":"使用方法","parent":37,"id":79,"location":"0","anchor":"0_3_37_79","subNodes":[]}]},{"level":3,"name":"居中视图到新选区","parent":3,"id":38,"location":"0","anchor":"0_3_38","subNodes":[{"level":4,"name":"功能描述","parent":38,"id":80,"location":"0","anchor":"0_3_38_80","subNodes":[]},{"level":4,"name":"使用方法","parent":38,"id":81,"location":"0","anchor":"0_3_38_81","subNodes":[]}]},{"level":3,"name":"选区的快捷键操作","parent":3,"id":39,"location":"0","anchor":"0_3_39","subNodes":[{"level":4,"name":"功能描述","parent":39,"id":82,"location":"0","anchor":"0_3_39_82","subNodes":[]},{"level":4,"name":"使用方法","parent":39,"id":83,"location":"0","anchor":"0_3_39_83","subNodes":[]}]},{"level":3,"name":"同色选取","parent":3,"id":40,"location":"0","anchor":"0_3_40","subNodes":[{"level":4,"name":"功能描述","parent":40,"id":84,"location":"0","anchor":"0_3_40_84","subNodes":[]},{"level":4,"name":"使用方法","parent":40,"id":85,"location":"0","anchor":"0_3_40_85","subNodes":[]}]},{"level":3,"name":"取消选取","parent":3,"id":41,"location":"0","anchor":"0_3_41","subNodes":[{"level":4,"name":"功能描述","parent":41,"id":86,"location":"0","anchor":"0_3_41_86","subNodes":[]},{"level":4,"name":"使用方法","parent":41,"id":87,"location":"0","anchor":"0_3_41_87","subNodes":[]}]},{"level":3,"name":"设置当前选区为地图可编辑区域","parent":3,"id":42,"location":"0","anchor":"0_3_42","subNodes":[{"level":4,"name":"功能描述","parent":42,"id":88,"location":"0","anchor":"0_3_42_88","subNodes":[]},{"level":4,"name":"使用方法","parent":42,"id":89,"location":"0","anchor":"0_3_42_89","subNodes":[]}]},{"level":3,"name":"解除可编辑区域限制","parent":3,"id":43,"location":"0","anchor":"0_3_43","subNodes":[{"level":4,"name":"功能描述","parent":43,"id":90,"location":"0","anchor":"0_3_43_90","subNodes":[]},{"level":4,"name":"使用方法","parent":43,"id":91,"location":"0","anchor":"0_3_43_91","subNodes":[]}]}]},{"level":2,"name":"地图绘制","parent":0,"id":4,"location":"0","anchor":"0_4","subNodes":[{"level":3,"name":"图章刷","parent":4,"id":44,"location":"0","anchor":"0_4_44","subNodes":[{"level":4,"name":"功能描述","parent":44,"id":92,"location":"0","anchor":"0_4_44_92","subNodes":[]},{"level":4,"name":"使用方法","parent":44,"id":93,"location":"0","anchor":"0_4_44_93","subNodes":[]},{"level":4,"name":"额外特性","parent":44,"id":94,"location":"0","anchor":"0_4_44_94","subNodes":[]}]},{"level":3,"name":"地形刷","parent":4,"id":45,"location":"0","anchor":"0_4_45","subNodes":[{"level":4,"name":"功能描述","parent":45,"id":95,"location":"0","anchor":"0_4_45_95","subNodes":[]},{"level":4,"name":"使用方法","parent":45,"id":96,"location":"0","anchor":"0_4_45_96","subNodes":[]}]},{"level":3,"name":"清除","parent":4,"id":46,"location":"0","anchor":"0_4_46","subNodes":[{"level":4,"name":"功能描述","parent":46,"id":97,"location":"0","anchor":"0_4_46_97","subNodes":[]},{"level":4,"name":"使用方法","parent":46,"id":98,"location":"0","anchor":"0_4_46_98","subNodes":[]}]},{"level":3,"name":"填充","parent":4,"id":47,"location":"0","anchor":"0_4_47","subNodes":[{"level":4,"name":"功能描述","parent":47,"id":99,"location":"0","anchor":"0_4_47_99","subNodes":[]},{"level":4,"name":"使用方法","parent":47,"id":100,"location":"0","anchor":"0_4_47_100","subNodes":[]}]},{"level":3,"name":"随机模式","parent":4,"id":48,"location":"0","anchor":"0_4_48","subNodes":[{"level":4,"name":"功能描述","parent":48,"id":101,"location":"0","anchor":"0_4_48_101","subNodes":[]},{"level":4,"name":"使用方法","parent":48,"id":102,"location":"0","anchor":"0_4_48_102","subNodes":[]}]},{"level":3,"name":"随机填充","parent":4,"id":49,"location":"0","anchor":"0_4_49","subNodes":[{"level":4,"name":"功能描述","parent":49,"id":103,"location":"0","anchor":"0_4_49_103","subNodes":[]},{"level":4,"name":"使用方法","parent":49,"id":104,"location":"0","anchor":"0_4_49_104","subNodes":[]}]},{"level":3,"name":"复制选区","parent":4,"id":50,"location":"0","anchor":"0_4_50","subNodes":[{"level":4,"name":"功能描述","parent":50,"id":105,"location":"0","anchor":"0_4_50_105","subNodes":[]},{"level":4,"name":"使用方法","parent":50,"id":106,"location":"0","anchor":"0_4_50_106","subNodes":[]}]},{"level":3,"name":"快捷命令工具","parent":4,"id":51,"location":"0","anchor":"0_4_51","subNodes":[{"level":4,"name":"功能描述","parent":51,"id":107,"location":"0","anchor":"0_4_51_107","subNodes":[]},{"level":4,"name":"使用方法","parent":51,"id":108,"location":"0","anchor":"0_4_51_108","subNodes":[]}]}]},{"level":2,"name":"对象组工具","parent":0,"id":5,"location":"0","anchor":"0_5","subNodes":[{"level":3,"name":"选择对象","parent":5,"id":52,"location":"0","anchor":"0_5_52","subNodes":[{"level":4,"name":"功能描述","parent":52,"id":109,"location":"0","anchor":"0_5_52_109","subNodes":[]},{"level":4,"name":"使用方法","parent":52,"id":110,"location":"0","anchor":"0_5_52_110","subNodes":[]}]},{"level":3,"name":"编辑对象","parent":5,"id":53,"location":"0","anchor":"0_5_53","subNodes":[{"level":4,"name":"功能描述","parent":53,"id":111,"location":"0","anchor":"0_5_53_111","subNodes":[]},{"level":4,"name":"使用方法","parent":53,"id":112,"location":"0","anchor":"0_5_53_112","subNodes":[]}]},{"level":3,"name":"插入矩形","parent":5,"id":54,"location":"0","anchor":"0_5_54","subNodes":[{"level":4,"name":"功能描述","parent":54,"id":113,"location":"0","anchor":"0_5_54_113","subNodes":[]},{"level":4,"name":"使用方法","parent":54,"id":114,"location":"0","anchor":"0_5_54_114","subNodes":[]}]},{"level":3,"name":"插入椭圆","parent":5,"id":55,"location":"0","anchor":"0_5_55","subNodes":[{"level":4,"name":"功能描述","parent":55,"id":115,"location":"0","anchor":"0_5_55_115","subNodes":[]},{"level":4,"name":"使用方法","parent":55,"id":116,"location":"0","anchor":"0_5_55_116","subNodes":[]}]},{"level":3,"name":"插入多边形","parent":5,"id":56,"location":"0","anchor":"0_5_56","subNodes":[{"level":4,"name":"功能描述","parent":56,"id":117,"location":"0","anchor":"0_5_56_117","subNodes":[]},{"level":4,"name":"使用方法","parent":56,"id":118,"location":"0","anchor":"0_5_56_118","subNodes":[]}]},{"level":3,"name":"插入折线","parent":5,"id":57,"location":"0","anchor":"0_5_57","subNodes":[{"level":4,"name":"功能描述","parent":57,"id":119,"location":"0","anchor":"0_5_57_119","subNodes":[]},{"level":4,"name":"使用方法","parent":57,"id":120,"location":"0","anchor":"0_5_57_120","subNodes":[]}]},{"level":3,"name":"插入图块","parent":5,"id":58,"location":"0","anchor":"0_5_58","subNodes":[{"level":4,"name":"功能描述","parent":58,"id":121,"location":"0","anchor":"0_5_58_121","subNodes":[]},{"level":4,"name":"使用方法","parent":58,"id":122,"location":"0","anchor":"0_5_58_122","subNodes":[]}]},{"level":3,"name":"绘制对象","parent":5,"id":59,"location":"0","anchor":"0_5_59","subNodes":[{"level":4,"name":"功能描述","parent":59,"id":123,"location":"0","anchor":"0_5_59_123","subNodes":[]},{"level":4,"name":"使用方法","parent":59,"id":124,"location":"0","anchor":"0_5_59_124","subNodes":[]}]},{"level":3,"name":"复制对象","parent":5,"id":60,"location":"0","anchor":"0_5_60","subNodes":[{"level":4,"name":"功能描述","parent":60,"id":125,"location":"0","anchor":"0_5_60_125","subNodes":[]},{"level":4,"name":"使用方法","parent":60,"id":126,"location":"0","anchor":"0_5_60_126","subNodes":[]}]},{"level":3,"name":"移除对象","parent":5,"id":61,"location":"0","anchor":"0_5_61","subNodes":[{"level":4,"name":"功能描述","parent":61,"id":127,"location":"0","anchor":"0_5_61_127","subNodes":[]},{"level":4,"name":"使用方法","parent":61,"id":128,"location":"0","anchor":"0_5_61_128","subNodes":[]}]}]},{"level":2,"name":"属性面板","parent":0,"id":6,"location":"0","anchor":"0_6","subNodes":[{"level":3,"name":"添加属性","parent":6,"id":62,"location":"0","anchor":"0_6_62","subNodes":[{"level":4,"name":"功能描述","parent":62,"id":129,"location":"0","anchor":"0_6_62_129","subNodes":[]},{"level":4,"name":"使用方法","parent":62,"id":130,"location":"0","anchor":"0_6_62_130","subNodes":[]}]},{"level":3,"name":"移除属性","parent":6,"id":63,"location":"0","anchor":"0_6_63","subNodes":[{"level":4,"name":"功能描述","parent":63,"id":131,"location":"0","anchor":"0_6_63_131","subNodes":[]},{"level":4,"name":"使用方法","parent":63,"id":132,"location":"0","anchor":"0_6_63_132","subNodes":[]}]},{"level":3,"name":"重命名属性","parent":6,"id":64,"location":"0","anchor":"0_6_64","subNodes":[{"level":4,"name":"功能描述","parent":64,"id":133,"location":"0","anchor":"0_6_64_133","subNodes":[]},{"level":4,"name":"使用方法","parent":64,"id":134,"location":"0","anchor":"0_6_64_134","subNodes":[]}]}]},{"level":2,"name":"打包功能","parent":0,"id":7,"location":"0","anchor":"0_7","subNodes":[{"level":3,"name":"文件打包","parent":7,"id":65,"location":"0","anchor":"0_7_65","subNodes":[{"level":4,"name":"功能描述","parent":65,"id":135,"location":"0","anchor":"0_7_65_135","subNodes":[]},{"level":4,"name":"使用方法","parent":65,"id":136,"location":"0","anchor":"0_7_65_136","subNodes":[]},{"level":4,"name":"功能完成说明","parent":65,"id":137,"location":"0","anchor":"0_7_65_137","subNodes":[]},{"level":4,"name":"代码实现","parent":65,"id":138,"location":"0","anchor":"0_7_65_138","subNodes":[]}]}]},{"level":2,"name":"地图术语","parent":0,"id":8,"location":"0","anchor":"0_8","subNodes":[{"level":3,"name":"单元格","parent":8,"id":66,"location":"0","anchor":"0_8_66","subNodes":[]},{"level":3,"name":"单元格坐标","parent":8,"id":67,"location":"0","anchor":"0_8_67","subNodes":[]},{"level":3,"name":"坐标码","parent":8,"id":68,"location":"0","anchor":"0_8_68","subNodes":[]},{"level":3,"name":"图块集","parent":8,"id":69,"location":"0","anchor":"0_8_69","subNodes":[]},{"level":3,"name":"图块","parent":8,"id":70,"location":"0","anchor":"0_8_70","subNodes":[]},{"level":3,"name":"图块Id","parent":8,"id":71,"location":"0","anchor":"0_8_71","subNodes":[]},{"level":3,"name":"地形","parent":8,"id":72,"location":"0","anchor":"0_8_72","subNodes":[]},{"level":3,"name":"图层","parent":8,"id":73,"location":"0","anchor":"0_8_73","subNodes":[]},{"level":3,"name":"图块图层","parent":8,"id":74,"location":"0","anchor":"0_8_74","subNodes":[]},{"level":3,"name":"对象层","parent":8,"id":75,"location":"0","anchor":"0_8_75","subNodes":[]},{"level":3,"name":"图像图层","parent":8,"id":76,"location":"0","anchor":"0_8_76","subNodes":[]},{"level":3,"name":"对象","parent":8,"id":77,"location":"0","anchor":"0_8_77","subNodes":[]}]}]},"业务功能":{"level":1,"name":"业务功能","parent":-1,"id":1,"location":"1","anchor":"1","subNodes":[{"level":2,"name":"营地相关","parent":1,"id":9,"location":"1","anchor":"1_9","subNodes":[{"level":3,"name":"加载营地信息文件","parent":9,"id":78,"location":"1","anchor":"1_9_78","subNodes":[{"level":4,"name":"功能描述","parent":78,"id":139,"location":"1","anchor":"1_9_78_139","subNodes":[]},{"level":4,"name":"使用方法/说明","parent":78,"id":140,"location":"1","anchor":"1_9_78_140","subNodes":[]},{"level":4,"name":"功能完成说明","parent":78,"id":141,"location":"1","anchor":"1_9_78_141","subNodes":[]}]},{"level":3,"name":"导出营地信息文件","parent":9,"id":79,"location":"1","anchor":"1_9_79","subNodes":[{"level":4,"name":"功能描述","parent":79,"id":142,"location":"1","anchor":"1_9_79_142","subNodes":[]},{"level":4,"name":"使用方法/说明","parent":79,"id":143,"location":"1","anchor":"1_9_79_143","subNodes":[]},{"level":4,"name":"功能完成说明","parent":79,"id":144,"location":"1","anchor":"1_9_79_144","subNodes":[]}]},{"level":3,"name":"营地数据文件格式","parent":9,"id":80,"location":"1","anchor":"1_9_80","subNodes":[]},{"level":3,"name":"上一个营地","parent":9,"id":81,"location":"1","anchor":"1_9_81","subNodes":[{"level":4,"name":"功能描述","parent":81,"id":145,"location":"1","anchor":"1_9_81_145","subNodes":[]},{"level":4,"name":"使用方法/说明","parent":81,"id":146,"location":"1","anchor":"1_9_81_146","subNodes":[]},{"level":4,"name":"功能完成说明","parent":81,"id":147,"location":"1","anchor":"1_9_81_147","subNodes":[]}]},{"level":3,"name":"下一个营地","parent":9,"id":82,"location":"1","anchor":"1_9_82","subNodes":[{"level":4,"name":"功能描述","parent":82,"id":148,"location":"1","anchor":"1_9_82_148","subNodes":[]},{"level":4,"name":"使用方法/说明","parent":82,"id":149,"location":"1","anchor":"1_9_82_149","subNodes":[]},{"level":4,"name":"功能完成说明","parent":82,"id":150,"location":"1","anchor":"1_9_82_150","subNodes":[]}]},{"level":3,"name":"营地工具","parent":9,"id":83,"location":"1","anchor":"1_9_83","subNodes":[{"level":4,"name":"功能描述","parent":83,"id":151,"location":"1","anchor":"1_9_83_151","subNodes":[]},{"level":4,"name":"使用方法/说明","parent":83,"id":152,"location":"1","anchor":"1_9_83_152","subNodes":[]}]},{"level":3,"name":"营地选择模式","parent":9,"id":84,"location":"1","anchor":"1_9_84","subNodes":[{"level":4,"name":"功能描述","parent":84,"id":153,"location":"1","anchor":"1_9_84_153","subNodes":[]},{"level":4,"name":"使用方法/说明","parent":84,"id":154,"location":"1","anchor":"1_9_84_154","subNodes":[]},{"level":4,"name":"功能完成说明","parent":84,"id":155,"location":"1","anchor":"1_9_84_155","subNodes":[]}]},{"level":3,"name":"区域编辑模式","parent":9,"id":85,"location":"1","anchor":"1_9_85","subNodes":[{"level":4,"name":"功能描述","parent":85,"id":156,"location":"1","anchor":"1_9_85_156","subNodes":[]},{"level":4,"name":"使用方法/说明","parent":85,"id":157,"location":"1","anchor":"1_9_85_157","subNodes":[]}]}]},{"level":2,"name":"密道相关","parent":1,"id":10,"location":"1","anchor":"1_10","subNodes":[{"level":3,"name":"密道工具","parent":10,"id":86,"location":"1","anchor":"1_10_86","subNodes":[{"level":4,"name":"功能描述","parent":86,"id":158,"location":"1","anchor":"1_10_86_158","subNodes":[]},{"level":4,"name":"使用方法/说明","parent":86,"id":159,"location":"1","anchor":"1_10_86_159","subNodes":[]}]},{"level":3,"name":"加载密道信息文件","parent":10,"id":87,"location":"1","anchor":"1_10_87","subNodes":[{"level":4,"name":"功能描述","parent":87,"id":160,"location":"1","anchor":"1_10_87_160","subNodes":[]},{"level":4,"name":"使用方法/说明","parent":87,"id":161,"location":"1","anchor":"1_10_87_161","subNodes":[]},{"level":4,"name":"功能完成说明","parent":87,"id":162,"location":"1","anchor":"1_10_87_162","subNodes":[]}]},{"level":3,"name":"导出密道信息文件","parent":10,"id":88,"location":"1","anchor":"1_10_88","subNodes":[{"level":4,"name":"功能描述","parent":88,"id":163,"location":"1","anchor":"1_10_88_163","subNodes":[]},{"level":4,"name":"使用方法/说明","parent":88,"id":164,"location":"1","anchor":"1_10_88_164","subNodes":[]},{"level":4,"name":"功能完成说明","parent":88,"id":165,"location":"1","anchor":"1_10_88_165","subNodes":[]}]},{"level":3,"name":"密道数据文件格式","parent":10,"id":89,"location":"1","anchor":"1_10_89","subNodes":[]},{"level":3,"name":"查找未连接的密道","parent":10,"id":90,"location":"1","anchor":"1_10_90","subNodes":[{"level":4,"name":"功能描述","parent":90,"id":166,"location":"1","anchor":"1_10_90_166","subNodes":[]},{"level":4,"name":"使用方法/说明","parent":90,"id":167,"location":"1","anchor":"1_10_90_167","subNodes":[]}]}]},{"level":2,"name":"城市相关","parent":1,"id":11,"location":"1","anchor":"1_11","subNodes":[{"level":3,"name":"模拟城市生成","parent":11,"id":91,"location":"1","anchor":"1_11_91","subNodes":[{"level":4,"name":"功能描述","parent":91,"id":168,"location":"1","anchor":"1_11_91_168","subNodes":[]},{"level":4,"name":"使用方法","parent":91,"id":169,"location":"1","anchor":"1_11_91_169","subNodes":[]},{"level":4,"name":"功能完成说明","parent":91,"id":170,"location":"1","anchor":"1_11_91_170","subNodes":[]},{"level":4,"name":"代码实现","parent":91,"id":171,"location":"1","anchor":"1_11_91_171","subNodes":[]}]},{"level":3,"name":"导出城市区域","parent":11,"id":92,"location":"1","anchor":"1_11_92","subNodes":[{"level":4,"name":"功能描述","parent":92,"id":172,"location":"1","anchor":"1_11_92_172","subNodes":[]},{"level":4,"name":"使用方法/说明","parent":92,"id":173,"location":"1","anchor":"1_11_92_173","subNodes":[]},{"level":4,"name":"功能完成说明","parent":92,"id":174,"location":"1","anchor":"1_11_92_174","subNodes":[]},{"level":4,"name":"代码实现","parent":92,"id":175,"location":"1","anchor":"1_11_92_175","subNodes":[]}]},{"level":3,"name":"加载城市信息文件","parent":11,"id":93,"location":"1","anchor":"1_11_93","subNodes":[{"level":4,"name":"功能描述","parent":93,"id":176,"location":"1","anchor":"1_11_93_176","subNodes":[]},{"level":4,"name":"使用方法/说明","parent":93,"id":177,"location":"1","anchor":"1_11_93_177","subNodes":[]},{"level":4,"name":"功能完成说明","parent":93,"id":178,"location":"1","anchor":"1_11_93_178","subNodes":[]}]},{"level":3,"name":"导出城市信息文件","parent":11,"id":94,"location":"1","anchor":"1_11_94","subNodes":[{"level":4,"name":"功能描述","parent":94,"id":179,"location":"1","anchor":"1_11_94_179","subNodes":[]},{"level":4,"name":"使用方法/说明","parent":94,"id":180,"location":"1","anchor":"1_11_94_180","subNodes":[]},{"level":4,"name":"功能完成说明","parent":94,"id":181,"location":"1","anchor":"1_11_94_181","subNodes":[]}]},{"level":3,"name":"城市属性文件格式","parent":11,"id":95,"location":"1","anchor":"1_11_95","subNodes":[{"level":4,"name":"城市属性信息","parent":95,"id":182,"location":"1","anchor":"1_11_95_182","subNodes":[]},{"level":4,"name":"城区属性信息","parent":95,"id":183,"location":"1","anchor":"1_11_95_183","subNodes":[]}]},{"level":3,"name":"上一个城市","parent":11,"id":96,"location":"1","anchor":"1_11_96","subNodes":[{"level":4,"name":"功能描述","parent":96,"id":184,"location":"1","anchor":"1_11_96_184","subNodes":[]},{"level":4,"name":"使用方法/说明","parent":96,"id":185,"location":"1","anchor":"1_11_96_185","subNodes":[]},{"level":4,"name":"功能完成说明","parent":96,"id":186,"location":"1","anchor":"1_11_96_186","subNodes":[]}]},{"level":3,"name":"下一个城市","parent":11,"id":97,"location":"1","anchor":"1_11_97","subNodes":[{"level":4,"name":"功能描述","parent":97,"id":187,"location":"1","anchor":"1_11_97_187","subNodes":[]},{"level":4,"name":"使用方法/说明","parent":97,"id":188,"location":"1","anchor":"1_11_97_188","subNodes":[]},{"level":4,"name":"功能完成说明","parent":97,"id":189,"location":"1","anchor":"1_11_97_189","subNodes":[]}]},{"level":3,"name":"城市设置","parent":11,"id":98,"location":"1","anchor":"1_11_98","subNodes":[{"level":4,"name":"功能描述","parent":98,"id":190,"location":"1","anchor":"1_11_98_190","subNodes":[]},{"level":4,"name":"使用方法/说明","parent":98,"id":191,"location":"1","anchor":"1_11_98_191","subNodes":[]},{"level":4,"name":"功能完成说明","parent":98,"id":192,"location":"1","anchor":"1_11_98_192","subNodes":[]}]},{"level":3,"name":"单元格图块信息","parent":11,"id":99,"location":"1","anchor":"1_11_99","subNodes":[{"level":4,"name":"功能描述","parent":99,"id":193,"location":"1","anchor":"1_11_99_193","subNodes":[]},{"level":4,"name":"使用方法/说明","parent":99,"id":194,"location":"1","anchor":"1_11_99_194","subNodes":[]},{"level":4,"name":"功能完成说明","parent":99,"id":195,"location":"1","anchor":"1_11_99_195","subNodes":[]}]}]},{"level":2,"name":"\b数据导出","parent":1,"id":12,"location":"1","anchor":"1_12","subNodes":[{"level":3,"name":"导出数据文件","parent":12,"id":100,"location":"1","anchor":"1_12_100","subNodes":[{"level":4,"name":"功能描述","parent":100,"id":196,"location":"1","anchor":"1_12_100_196","subNodes":[]},{"level":4,"name":"使用方法","parent":100,"id":197,"location":"1","anchor":"1_12_100_197","subNodes":[]},{"level":4,"name":"功能完成说明","parent":100,"id":198,"location":"1","anchor":"1_12_100_198","subNodes":[]}]},{"level":3,"name":"导出事件触发器数据","parent":12,"id":101,"location":"1","anchor":"1_12_101","subNodes":[{"level":4,"name":"功能描述","parent":101,"id":199,"location":"1","anchor":"1_12_101_199","subNodes":[]},{"level":4,"name":"使用方法","parent":101,"id":200,"location":"1","anchor":"1_12_101_200","subNodes":[]},{"level":4,"name":"功能完成说明","parent":101,"id":201,"location":"1","anchor":"1_12_101_201","subNodes":[]}]},{"level":3,"name":"导出区域图像","parent":12,"id":102,"location":"1","anchor":"1_12_102","subNodes":[{"level":4,"name":"功能描述","parent":102,"id":202,"location":"1","anchor":"1_12_102_202","subNodes":[]},{"level":4,"name":"使用方法/说明","parent":102,"id":203,"location":"1","anchor":"1_12_102_203","subNodes":[]},{"level":4,"name":"功能完成说明","parent":102,"id":204,"location":"1","anchor":"1_12_102_204","subNodes":[]}]},{"level":3,"name":"导出地图服务端数据","parent":12,"id":103,"location":"1","anchor":"1_12_103","subNodes":[{"level":4,"name":"功能描述","parent":103,"id":205,"location":"1","anchor":"1_12_103_205","subNodes":[]},{"level":4,"name":"使用方法/说明","parent":103,"id":206,"location":"1","anchor":"1_12_103_206","subNodes":[]},{"level":4,"name":"功能完成说明","parent":103,"id":207,"location":"1","anchor":"1_12_103_207","subNodes":[]}]},{"level":3,"name":"导出地图客户端数据","parent":12,"id":104,"location":"1","anchor":"1_12_104","subNodes":[{"level":4,"name":"功能描述","parent":104,"id":208,"location":"1","anchor":"1_12_104_208","subNodes":[]},{"level":4,"name":"使用方法/说明","parent":104,"id":209,"location":"1","anchor":"1_12_104_209","subNodes":[]},{"level":4,"name":"功能完成说明","parent":104,"id":210,"location":"1","anchor":"1_12_104_210","subNodes":[]}]},{"level":3,"name":"导出特殊图层数据","parent":12,"id":105,"location":"1","anchor":"1_12_105","subNodes":[{"level":4,"name":"功能描述","parent":105,"id":211,"location":"1","anchor":"1_12_105_211","subNodes":[]},{"level":4,"name":"使用方法/说明","parent":105,"id":212,"location":"1","anchor":"1_12_105_212","subNodes":[]},{"level":4,"name":"功能完成说明","parent":105,"id":213,"location":"1","anchor":"1_12_105_213","subNodes":[]}]},{"level":3,"name":"导出山层数据","parent":12,"id":106,"location":"1","anchor":"1_12_106","subNodes":[{"level":4,"name":"功能描述","parent":106,"id":214,"location":"1","anchor":"1_12_106_214","subNodes":[]},{"level":4,"name":"使用方法/说明","parent":106,"id":215,"location":"1","anchor":"1_12_106_215","subNodes":[]},{"level":4,"name":"功能完成说明","parent":106,"id":216,"location":"1","anchor":"1_12_106_216","subNodes":[]}]},{"level":3,"name":"导出图块偏移","parent":12,"id":107,"location":"1","anchor":"1_12_107","subNodes":[{"level":4,"name":"功能描述","parent":107,"id":217,"location":"1","anchor":"1_12_107_217","subNodes":[]},{"level":4,"name":"使用方法/说明","parent":107,"id":218,"location":"1","anchor":"1_12_107_218","subNodes":[]},{"level":4,"name":"功能完成说明","parent":107,"id":219,"location":"1","anchor":"1_12_107_219","subNodes":[]}]}]},{"level":2,"name":"地图同步","parent":1,"id":13,"location":"1","anchor":"1_13","subNodes":[{"level":3,"name":"同步地图数据","parent":13,"id":108,"location":"1","anchor":"1_13_108","subNodes":[{"level":4,"name":"功能描述","parent":108,"id":220,"location":"1","anchor":"1_13_108_220","subNodes":[]},{"level":4,"name":"使用方法/说明","parent":108,"id":221,"location":"1","anchor":"1_13_108_221","subNodes":[]},{"level":4,"name":"功能完成说明","parent":108,"id":222,"location":"1","anchor":"1_13_108_222","subNodes":[]},{"level":4,"name":"代码实现","parent":108,"id":223,"location":"1","anchor":"1_13_108_223","subNodes":[]}]}]},{"level":2,"name":"图层\b冲突","parent":1,"id":14,"location":"1","anchor":"1_14","subNodes":[{"level":3,"name":"清理冲突的地块","parent":14,"id":109,"location":"1","anchor":"1_14_109","subNodes":[{"level":4,"name":"功能描述","parent":109,"id":224,"location":"1","anchor":"1_14_109_224","subNodes":[]},{"level":4,"name":"使用方法/说明","parent":109,"id":225,"location":"1","anchor":"1_14_109_225","subNodes":[]},{"level":4,"name":"功能完成说明","parent":109,"id":226,"location":"1","anchor":"1_14_109_226","subNodes":[]}]},{"level":3,"name":"查找冲突单元格","parent":14,"id":110,"location":"1","anchor":"1_14_110","subNodes":[{"level":4,"name":"功能描述","parent":110,"id":227,"location":"1","anchor":"1_14_110_227","subNodes":[]},{"level":4,"name":"使用方法/说明","parent":110,"id":228,"location":"1","anchor":"1_14_110_228","subNodes":[]},{"level":4,"name":"功能完成说明","parent":110,"id":229,"location":"1","anchor":"1_14_110_229","subNodes":[]}]},{"level":3,"name":"查找错误图块的单元格","parent":14,"id":111,"location":"1","anchor":"1_14_111","subNodes":[{"level":4,"name":"功能描述","parent":111,"id":230,"location":"1","anchor":"1_14_111_230","subNodes":[]},{"level":4,"name":"使用方法/说明","parent":111,"id":231,"location":"1","anchor":"1_14_111_231","subNodes":[]},{"level":4,"name":"功能完成说明","parent":111,"id":232,"location":"1","anchor":"1_14_111_232","subNodes":[]}]},{"level":3,"name":"查找地图间的冲突单元格","parent":14,"id":112,"location":"1","anchor":"1_14_112","subNodes":[{"level":4,"name":"功能描述","parent":112,"id":233,"location":"1","anchor":"1_14_112_233","subNodes":[]},{"level":4,"name":"使用方法/说明","parent":112,"id":234,"location":"1","anchor":"1_14_112_234","subNodes":[]},{"level":4,"name":"功能完成说明","parent":112,"id":235,"location":"1","anchor":"1_14_112_235","subNodes":[]}]},{"level":3,"name":"下一个地图间冲突单元格","parent":14,"id":113,"location":"1","anchor":"1_14_113","subNodes":[{"level":4,"name":"功能描述","parent":113,"id":236,"location":"1","anchor":"1_14_113_236","subNodes":[]},{"level":4,"name":"使用方法/说明","parent":113,"id":237,"location":"1","anchor":"1_14_113_237","subNodes":[]},{"level":4,"name":"功能完成说明","parent":113,"id":238,"location":"1","anchor":"1_14_113_238","subNodes":[]}]}]},{"level":2,"name":"业务术语","parent":1,"id":15,"location":"1","anchor":"1_15","subNodes":[{"level":3,"name":"业务层类型","parent":15,"id":114,"location":"1","anchor":"1_15_114","subNodes":[]},{"level":3,"name":"业务层设置","parent":15,"id":115,"location":"1","anchor":"1_15_115","subNodes":[]},{"level":3,"name":"业务层内容","parent":15,"id":116,"location":"1","anchor":"1_15_116","subNodes":[]},{"level":3,"name":"图层标签","parent":15,"id":117,"location":"1","anchor":"1_15_117","subNodes":[]},{"level":3,"name":"区域范围Id","parent":15,"id":118,"location":"1","anchor":"1_15_118","subNodes":[]},{"level":3,"name":"城市单元格图块属性","parent":15,"id":119,"location":"1","anchor":"1_15_119","subNodes":[]},{"level":3,"name":"冲突检测","parent":15,"id":120,"location":"1","anchor":"1_15_120","subNodes":[{"level":4,"name":"判定规则","parent":120,"id":239,"location":"1","anchor":"1_15_120_239","subNodes":[]}]},{"level":3,"name":"识别单元格","parent":15,"id":121,"location":"1","anchor":"1_15_121","subNodes":[]},{"level":3,"name":"同步检测","parent":15,"id":122,"location":"1","anchor":"1_15_122","subNodes":[]}]},{"level":2,"name":"自定义属性","parent":1,"id":16,"location":"1","anchor":"1_16","subNodes":[{"level":3,"name":"地图mapID","parent":16,"id":123,"location":"1","anchor":"1_16_123","subNodes":[{"level":4,"name":"字段描述","parent":123,"id":240,"location":"1","anchor":"1_16_123_240","subNodes":[]},{"level":4,"name":"添加方法","parent":123,"id":241,"location":"1","anchor":"1_16_123_241","subNodes":[]},{"level":4,"name":"值设置","parent":123,"id":242,"location":"1","anchor":"1_16_123_242","subNodes":[]}]},{"level":3,"name":"图块图层type","parent":16,"id":124,"location":"1","anchor":"1_16_124","subNodes":[{"level":4,"name":"字段描述","parent":124,"id":243,"location":"1","anchor":"1_16_124_243","subNodes":[]},{"level":4,"name":"添加方法","parent":124,"id":244,"location":"1","anchor":"1_16_124_244","subNodes":[]},{"level":4,"name":"值设置","parent":124,"id":245,"location":"1","anchor":"1_16_124_245","subNodes":[]}]},{"level":3,"name":"图块图层tileset","parent":16,"id":125,"location":"1","anchor":"1_16_125","subNodes":[{"level":4,"name":"字段描述","parent":125,"id":246,"location":"1","anchor":"1_16_125_246","subNodes":[]},{"level":4,"name":"添加方法","parent":125,"id":247,"location":"1","anchor":"1_16_125_247","subNodes":[]},{"level":4,"name":"值设置","parent":125,"id":248,"location":"1","anchor":"1_16_125_248","subNodes":[]}]},{"level":3,"name":"图块集riverGroup","parent":16,"id":126,"location":"1","anchor":"1_16_126","subNodes":[{"level":4,"name":"字段描述","parent":126,"id":249,"location":"1","anchor":"1_16_126_249","subNodes":[]},{"level":4,"name":"添加方法","parent":126,"id":250,"location":"1","anchor":"1_16_126_250","subNodes":[]},{"level":4,"name":"值设置","parent":126,"id":251,"location":"1","anchor":"1_16_126_251","subNodes":[]}]},{"level":3,"name":"图块集resGroup","parent":16,"id":127,"location":"1","anchor":"1_16_127","subNodes":[{"level":4,"name":"字段描述","parent":127,"id":252,"location":"1","anchor":"1_16_127_252","subNodes":[]},{"level":4,"name":"添加方法","parent":127,"id":253,"location":"1","anchor":"1_16_127_253","subNodes":[]},{"level":4,"name":"值设置","parent":127,"id":254,"location":"1","anchor":"1_16_127_254","subNodes":[]}]},{"level":3,"name":"图块集bridgeGroup","parent":16,"id":128,"location":"1","anchor":"1_16_128","subNodes":[{"level":4,"name":"字段描述","parent":128,"id":255,"location":"1","anchor":"1_16_128_255","subNodes":[]},{"level":4,"name":"添加方法","parent":128,"id":256,"location":"1","anchor":"1_16_128_256","subNodes":[]},{"level":4,"name":"值设置","parent":128,"id":257,"location":"1","anchor":"1_16_128_257","subNodes":[]}]},{"level":3,"name":"图块size","parent":16,"id":129,"location":"1","anchor":"1_16_129","subNodes":[{"level":4,"name":"字段描述","parent":129,"id":258,"location":"1","anchor":"1_16_129_258","subNodes":[]},{"level":4,"name":"添加方法","parent":129,"id":259,"location":"1","anchor":"1_16_129_259","subNodes":[]},{"level":4,"name":"值设置","parent":129,"id":260,"location":"1","anchor":"1_16_129_260","subNodes":[]}]},{"level":3,"name":"图块ex","parent":16,"id":130,"location":"1","anchor":"1_16_130","subNodes":[{"level":4,"name":"字段描述","parent":130,"id":261,"location":"1","anchor":"1_16_130_261","subNodes":[]},{"level":4,"name":"添加方法","parent":130,"id":262,"location":"1","anchor":"1_16_130_262","subNodes":[]},{"level":4,"name":"值设置","parent":130,"id":263,"location":"1","anchor":"1_16_130_263","subNodes":[]}]},{"level":3,"name":"地形ex","parent":16,"id":131,"location":"1","anchor":"1_16_131","subNodes":[{"level":4,"name":"字段描述","parent":131,"id":264,"location":"1","anchor":"1_16_131_264","subNodes":[]},{"level":4,"name":"添加方法","parent":131,"id":265,"location":"1","anchor":"1_16_131_265","subNodes":[]},{"level":4,"name":"值设置","parent":131,"id":266,"location":"1","anchor":"1_16_131_266","subNodes":[]}]},{"level":3,"name":"营地camp","parent":16,"id":132,"location":"1","anchor":"1_16_132","subNodes":[{"level":4,"name":"字段描述","parent":132,"id":267,"location":"1","anchor":"1_16_132_267","subNodes":[]},{"level":4,"name":"添加方法","parent":132,"id":268,"location":"1","anchor":"1_16_132_268","subNodes":[]},{"level":4,"name":"值设置","parent":132,"id":269,"location":"1","anchor":"1_16_132_269","subNodes":[]}]},{"level":3,"name":"密道tunnel","parent":16,"id":133,"location":"1","anchor":"1_16_133","subNodes":[{"level":4,"name":"添加方法","parent":133,"id":270,"location":"1","anchor":"1_16_133_270","subNodes":[]},{"level":4,"name":"值设置","parent":133,"id":271,"location":"1","anchor":"1_16_133_271","subNodes":[]}]},{"level":3,"name":"图块offsetX","parent":16,"id":134,"location":"1","anchor":"1_16_134","subNodes":[{"level":4,"name":"字段描述","parent":134,"id":272,"location":"1","anchor":"1_16_134_272","subNodes":[]},{"level":4,"name":"添加方法","parent":134,"id":273,"location":"1","anchor":"1_16_134_273","subNodes":[]},{"level":4,"name":"值设置","parent":134,"id":274,"location":"1","anchor":"1_16_134_274","subNodes":[]}]},{"level":3,"name":"图块offsetY","parent":16,"id":135,"location":"1","anchor":"1_16_135","subNodes":[{"level":4,"name":"字段描述","parent":135,"id":275,"location":"1","anchor":"1_16_135_275","subNodes":[]},{"level":4,"name":"添加方法","parent":135,"id":276,"location":"1","anchor":"1_16_135_276","subNodes":[]},{"level":4,"name":"值设置","parent":135,"id":277,"location":"1","anchor":"1_16_135_277","subNodes":[]}]},{"level":3,"name":"图块集customOffset","parent":16,"id":136,"location":"1","anchor":"1_16_136","subNodes":[{"level":4,"name":"字段描述","parent":136,"id":278,"location":"1","anchor":"1_16_136_278","subNodes":[]},{"level":4,"name":"添加方法","parent":136,"id":279,"location":"1","anchor":"1_16_136_279","subNodes":[]},{"level":4,"name":"值设置","parent":136,"id":280,"location":"1","anchor":"1_16_136_280","subNodes":[]}]},{"level":3,"name":"图块图层cover","parent":16,"id":137,"location":"1","anchor":"1_16_137","subNodes":[{"level":4,"name":"字段描述","parent":137,"id":281,"location":"1","anchor":"1_16_137_281","subNodes":[]},{"level":4,"name":"添加方法","parent":137,"id":282,"location":"1","anchor":"1_16_137_282","subNodes":[]},{"level":4,"name":"值设置","parent":137,"id":283,"location":"1","anchor":"1_16_137_283","subNodes":[]}]}]}]},"事件触发器":{"level":1,"name":"事件触发器","parent":-1,"id":2,"location":"2","anchor":"2","subNodes":[{"level":2,"name":"触发器属性面板","parent":2,"id":17,"location":"2","anchor":"2_17","subNodes":[{"level":3,"name":"编辑属性","parent":17,"id":138,"location":"2","anchor":"2_17_138","subNodes":[{"level":4,"name":"编辑名称","parent":138,"id":284,"location":"2","anchor":"2_17_138_284","subNodes":[]},{"level":4,"name":"编辑逻辑关系","parent":138,"id":285,"location":"2","anchor":"2_17_138_285","subNodes":[]},{"level":4,"name":"编辑动作","parent":138,"id":286,"location":"2","anchor":"2_17_138_286","subNodes":[]}]},{"level":3,"name":"对象描述","parent":17,"id":139,"location":"2","anchor":"2_17_139","subNodes":[]}]},{"level":2,"name":"事件面板","parent":2,"id":18,"location":"2","anchor":"2_18","subNodes":[{"level":3,"name":"添加事件分组","parent":18,"id":140,"location":"2","anchor":"2_18_140","subNodes":[{"level":4,"name":"功能描述","parent":140,"id":287,"location":"2","anchor":"2_18_140_287","subNodes":[]},{"level":4,"name":"使用方法","parent":140,"id":288,"location":"2","anchor":"2_18_140_288","subNodes":[]}]},{"level":3,"name":"添加事件","parent":18,"id":141,"location":"2","anchor":"2_18_141","subNodes":[{"level":4,"name":"功能描述","parent":141,"id":289,"location":"2","anchor":"2_18_141_289","subNodes":[]},{"level":4,"name":"使用方法","parent":141,"id":290,"location":"2","anchor":"2_18_141_290","subNodes":[]}]},{"level":3,"name":"删除事件/分组","parent":18,"id":142,"location":"2","anchor":"2_18_142","subNodes":[{"level":4,"name":"功能描述","parent":142,"id":291,"location":"2","anchor":"2_18_142_291","subNodes":[]},{"level":4,"name":"使用方法","parent":142,"id":292,"location":"2","anchor":"2_18_142_292","subNodes":[]}]},{"level":3,"name":"调整分组位置","parent":18,"id":143,"location":"2","anchor":"2_18_143","subNodes":[{"level":4,"name":"功能描述","parent":143,"id":293,"location":"2","anchor":"2_18_143_293","subNodes":[]},{"level":4,"name":"使用方法","parent":143,"id":294,"location":"2","anchor":"2_18_143_294","subNodes":[]}]},{"level":3,"name":"触发器事件验证","parent":18,"id":144,"location":"2","anchor":"2_18_144","subNodes":[{"level":4,"name":"功能描述","parent":144,"id":295,"location":"2","anchor":"2_18_144_295","subNodes":[]},{"level":4,"name":"使用方法","parent":144,"id":296,"location":"2","anchor":"2_18_144_296","subNodes":[]},{"level":4,"name":"检验规则","parent":144,"id":297,"location":"2","anchor":"2_18_144_297","subNodes":[]}]},{"level":3,"name":"触发器数据查找","parent":18,"id":145,"location":"2","anchor":"2_18_145","subNodes":[{"level":4,"name":"功能描述","parent":145,"id":298,"location":"2","anchor":"2_18_145_298","subNodes":[]},{"level":4,"name":"使用方法","parent":145,"id":299,"location":"2","anchor":"2_18_145_299","subNodes":[]}]}]},{"level":2,"name":"条件面板","parent":2,"id":19,"location":"2","anchor":"2_19","subNodes":[{"level":3,"name":"添加条件","parent":19,"id":146,"location":"2","anchor":"2_19_146","subNodes":[{"level":4,"name":"功能描述","parent":146,"id":300,"location":"2","anchor":"2_19_146_300","subNodes":[]},{"level":4,"name":"使用方法","parent":146,"id":301,"location":"2","anchor":"2_19_146_301","subNodes":[]}]},{"level":3,"name":"添加条件动作","parent":19,"id":147,"location":"2","anchor":"2_19_147","subNodes":[{"level":4,"name":"功能描述","parent":147,"id":302,"location":"2","anchor":"2_19_147_302","subNodes":[]},{"level":4,"name":"使用方法","parent":147,"id":303,"location":"2","anchor":"2_19_147_303","subNodes":[]}]},{"level":3,"name":"删除条件/动作","parent":19,"id":148,"location":"2","anchor":"2_19_148","subNodes":[{"level":4,"name":"功能描述","parent":148,"id":304,"location":"2","anchor":"2_19_148_304","subNodes":[]},{"level":4,"name":"使用方法","parent":148,"id":305,"location":"2","anchor":"2_19_148_305","subNodes":[]}]}]},{"level":2,"name":"结果面板","parent":2,"id":20,"location":"2","anchor":"2_20","subNodes":[{"level":3,"name":"添加结果动作","parent":20,"id":149,"location":"2","anchor":"2_20_149","subNodes":[{"level":4,"name":"功能描述","parent":149,"id":306,"location":"2","anchor":"2_20_149_306","subNodes":[]},{"level":4,"name":"使用方法","parent":149,"id":307,"location":"2","anchor":"2_20_149_307","subNodes":[]}]},{"level":3,"name":"删除结果动作","parent":20,"id":150,"location":"2","anchor":"2_20_150","subNodes":[{"level":4,"name":"功能描述","parent":150,"id":308,"location":"2","anchor":"2_20_150_308","subNodes":[]},{"level":4,"name":"使用方法","parent":150,"id":309,"location":"2","anchor":"2_20_150_309","subNodes":[]}]},{"level":3,"name":"调整结果动作位置","parent":20,"id":151,"location":"2","anchor":"2_20_151","subNodes":[{"level":4,"name":"功能描述","parent":151,"id":310,"location":"2","anchor":"2_20_151_310","subNodes":[]},{"level":4,"name":"使用方法","parent":151,"id":311,"location":"2","anchor":"2_20_151_311","subNodes":[]}]}]},{"level":2,"name":"触发器术语","parent":2,"id":21,"location":"2","anchor":"2_21","subNodes":[{"level":3,"name":"事件","parent":21,"id":152,"location":"2","anchor":"2_21_152","subNodes":[]},{"level":3,"name":"条件","parent":21,"id":153,"location":"2","anchor":"2_21_153","subNodes":[]},{"level":3,"name":"逻辑关系","parent":21,"id":154,"location":"2","anchor":"2_21_154","subNodes":[]},{"level":3,"name":"结果","parent":21,"id":155,"location":"2","anchor":"2_21_155","subNodes":[]},{"level":3,"name":"动作","parent":21,"id":156,"location":"2","anchor":"2_21_156","subNodes":[]},{"level":3,"name":"动作模板","parent":21,"id":157,"location":"2","anchor":"2_21_157","subNodes":[]},{"level":3,"name":"触发器对象Id","parent":21,"id":158,"location":"2","anchor":"2_21_158","subNodes":[]}]}]}}